2019-12-06 06:35:34,b'Dear sir\n\nRail madad says amount refunded and nothing such has been reflected in my bank.\n\nSince 2 days passed no p\xe2\x80\xa6 https://t.co/ViDYT7aPLN'
2019-12-06 06:25:44,b'@EasternRailway @subhomoysamanta @RailwaySeva MATTER FORWARDED TO @drmdhnecr &amp; @irctceastzone @IRCTCofficial'
2019-12-06 06:25:07,b'@IRCTCofficial @drm_raipur @DRMBilaspur sir train no.13287 showing not available When i want to make a reservation\xe2\x80\xa6 https://t.co/xA3Mwv1aZ5'
2019-12-06 06:23:07,b'@RailwaySeva @IRCTCofficial @PiyushGoyal\nHi I have booked ticket in train no 09005 special train between Mumbai to\xe2\x80\xa6 https://t.co/MZaUX1XHTk'
2019-12-06 06:21:42,b'@RailwaySeva @PiyushGoyalOffc \nThe @IRCTCofficial food vendor refused to provide me the standard veg meal of Rs. 50\xe2\x80\xa6 https://t.co/LZgs6sSGjh'
2019-12-06 06:21:40,b'@ckabhimanyu92 @RailMinIndia @PiyushGoyal @IRCTCofficial Sir matter forwarded to @GM_ECRly'
2019-12-06 06:20:30,b'RT @IRCTCofficial: #Download the @irctc_imudra app &amp; use it anytime and anywhere for all your needs. Accepted across #online &amp; #offline pla\xe2\x80\xa6'
2019-12-06 06:20:15,"b""RT @IRCTCofficial: Visit the 'Land of Happiness' with #IRCTC's 'Adbhut Bhutan' package. Enjoy the stunning #landscapes of #Thimpu, #Paro &amp;\xe2\x80\xa6"""
2019-12-06 06:19:51,b'Proud shareholder of #IRCTC https://t.co/GSPsJP5p9P'
2019-12-06 06:19:45,"b'@khan_shamik @BhusavalDivn @PiyushGoyal @RailwaySeva @IRCTCofficial 17642 will reach kcg at 20.15hs., adviced parce\xe2\x80\xa6 https://t.co/1JGCo4TsMy'"
2019-12-06 06:12:38,b'@BhusavalDivn @PiyushGoyal @RailwaySeva @IRCTCofficial @drmhyb Thanks sir!'
2019-12-06 06:05:23,"b""@IRCTCofficial \n i was unable to open my IRCTC account, didn't received OTP after trying for 3 time now it is showi\xe2\x80\xa6 https://t.co/BBARL0duRi"""
2019-12-06 06:03:05,"b""I don't know what kind of application is this?@IRCTCofficial login isn't working,payment isn't working , whether us\xe2\x80\xa6 https://t.co/mwhVvtXiDX"""
2019-12-06 05:59:51,b'RT @RohitNilima: @irctcnorthzone @IRCTCofficial @IndianRailUsers @indianrail Behavior of compartment staff was gentle and he extremely apol\xe2\x80\xa6'
2019-12-06 05:56:12,b'@IRCTCofficial \nNilgiri Express (12671)\nToday booked tatkal ticket (Transaction ID: 100002176560063)payment got deb\xe2\x80\xa6 https://t.co/uhhg1j7PJC'
2019-12-06 05:53:14,"b""@RailMinIndia and @IRCTCofficial are openly looting it's customers in the name of CANCELATION CHARGES. I don't unde\xe2\x80\xa6 https://t.co/Z54k6UAICd"""
2019-12-06 05:52:24,b'@IRCTCofficial OTP based verification  facility during payment of ticket via irctc wallet take much longer time tha\xe2\x80\xa6 https://t.co/6TO7svuUVn'
2019-12-06 05:51:45,b'@IRCTCofficial  why my transaction always failed?? Its so frustrating.. my money is deducted from my account but my\xe2\x80\xa6 https://t.co/poH8RZejpN'
2019-12-06 05:45:28,b'@PiyushGoyal @IRCTCofficial @RailMinIndia \nTotal of 3000 paid as bribe by my brother in law because two kids were t\xe2\x80\xa6 https://t.co/sS8KwIGRWQ'
2019-12-06 05:42:10,b'It appears that @IRCTCofficial website is not functioning properly.'
2019-12-06 05:40:11,b'@IRCTCofficial @IrctcPro @PMOIndia \n\nThis is big issue in IRCTC site.. Agent log aram se book kar lete hai or aam a\xe2\x80\xa6 https://t.co/kFK7RMp6MR'
2019-12-06 05:39:58,b'While booking a ticket my ticket was not been booked but my payment has been deducted from my account.request that\xe2\x80\xa6 https://t.co/wzu64rR8QZ'
2019-12-06 05:36:12,b'@RailwaySeva @PiyushGoyalOffc Kindly look into this.\n@RailwaySeva @PiyushGoyalOffc @IRCTCofficial @RailMinIndia'
2019-12-06 05:31:52,b'@RailMinIndia @IRCTCofficial @Central_Railway still waiting for refund'
2019-12-06 05:31:28,b'RT @VIJAYAGNIHOTRI: @RailMinIndia @IRCTCofficial @Central_Railway \ndear sir \nmy pnr 2630690040 \ntrain was late more then 7 hrs.  \ni book an\xe2\x80\xa6'
2019-12-06 05:25:35,b'Dear @PiyushGoyal @PiyushGoyalOffc @IRCTCofficial I have booked 2 tickets. It is still in WL status. If tickets are\xe2\x80\xa6 https://t.co/eOUoONnutm'
2019-12-06 05:22:08,b'@ViceBhopal @IRCTCofficial @eCateringIRCTC @irctcwestzone @RailwaySeva @PiyushGoyalOffc Matter forwarded to\xe2\x80\xa6 https://t.co/1YYaBh08Vy'
2019-12-06 05:22:02,b'my brother booked ticket but due to some reason he cant travel and behalf of him i want travel on that ticket and w\xe2\x80\xa6 https://t.co/4ebHXQOBlW'
2019-12-06 05:20:55,b'Dear @IRCTCofficial @eCateringIRCTC @irctcwestzone Traveling against PNR 8427868597. Veg JAIN Food Required.Kindly\xe2\x80\xa6 https://t.co/blRX3wgQMo'
2019-12-06 05:19:51,b'RT @Jainashish_vns: @RailMinIndia @Indianrailway18 @indianrailway__ @drmbsbner @nerailwaygkp @IRCTCofficial @RailwaySeva @drmlko25 @drmmgs\xe2\x80\xa6'
2019-12-06 05:19:32,b'RT @Jainashish_vns: @RailMinIndia @Indianrailway18 @indianrailway__ @drmbsbner @nerailwaygkp @IRCTCofficial @RailwaySeva @drmlko25 @drmmgs\xe2\x80\xa6'
2019-12-06 05:10:58,b'Dear @IRCTCofficial and @RailwaySeva what is this ? Every time I book a ticket and make payment through Google pay\xe2\x80\xa6 https://t.co/c2OKVV4DWw'
2019-12-06 05:09:29,b'@IRCTCofficial \nFacility in humsafar 15705 is totally bogus..and charging like fancy pricing...its totally radiculo\xe2\x80\xa6 https://t.co/Vxwvjtuui1'
2019-12-06 05:08:55,b'@IRCTCofficial @RailMinIndia @AmitShah  train is good food is excellent bhot badiya thanks Modi ji PNR no2631900067\xe2\x80\xa6 https://t.co/CNZcfwpxOE'
2019-12-06 04:59:52,b'@IRCTCofficial @amazonIN @amazonpay @amazon reply p'
2019-12-06 04:54:54,"b'@khan_shamik @PiyushGoyal @RailwaySeva @IRCTCofficial Sir, your bike booked ex AK to YPR , loaded in R/SLR of 17642\xe2\x80\xa6 https://t.co/b8y0Vfsym1'"
2019-12-06 04:49:56,b'@BhopalDivision @Deepesh89906523 @PiyushGoyal @IRCTCofficial @bansalhabibganj Tweet is no more exist https://t.co/bXGLBkTiU1'
2019-12-06 04:44:12,"b'Train 13238, running late by 3 hours,   a common train is running so late , why, no proper arrangements @PiyushGoyal @IRCTCofficial'"
2019-12-06 04:40:36,"b""@IRCTCofficial  what's use of the app if we are unable to book tatkal ticket!!.... It's very slow and post all tick\xe2\x80\xa6 https://t.co/as1vnHSxwV"""
2019-12-06 04:39:20,b'@khan_shamik @PiyushGoyal @RailwaySeva @IRCTCofficial Your matter noted and forwarded to the concerned Officials for necessary action.'
2019-12-06 04:36:10,"b'@IRCTCofficial @RailMinIndia @RailwaySeva East @Central_Railway sir,between Athmalgola &amp; bakhtiyarpur,The Wire conn\xe2\x80\xa6 https://t.co/tRTRjZoBh7'"
2019-12-06 04:30:38,"b'@IRCTCofficial  My E-ticket status is 1st Passenger CNF and other two are RLWL/1,2 Can I board the train which is tomorrow?@irctcwestzone'"
2019-12-06 04:06:58,"b'@RailwaySeva @PiyushGoyal @timesofindia @RailMinIndia @RailwaySeva , @IRCTCofficial ,@RailMinIndia ,@PiyushGoyal al\xe2\x80\xa6 https://t.co/kSZyitTRFw'"
2019-12-06 04:00:39,b'RT @IRCTCofficial: Low account balance ruining your #travel plans? #IRCTC gives you an option to #book your #tickets now &amp; pay for it withi\xe2\x80\xa6'
2019-12-06 03:43:20,b'@PiyushGoyal Hello Sir! This is so unfair that train no. 12802 NDLS- PURI got diverted from Chunar to TATA without\xe2\x80\xa6 https://t.co/I4U7aAZck6'
2019-12-06 03:40:57,b'@IRCTCofficial @RailMinIndia train 15013 was running late more then 3 hours from source and due to this reason not\xe2\x80\xa6 https://t.co/zSXrrYOSrG'
2019-12-06 03:39:35,b'@PiyushGoyal @IRCTCofficial This man is lied like a patient in  coach no. S8 of train no. 12381\n\nNo one is helping\xe2\x80\xa6 https://t.co/IiMWg3GlQ9'
2019-12-06 03:36:01,b'@eCateringIRCTC @IRCTCofficial @irctcwestzone @IRCTCofficial @PiyushGoyalOffc @PiyushGoyal \n12203 jo abhi Lucknow p\xe2\x80\xa6 https://t.co/4wcUUXxoib'
2019-12-06 03:34:00,b'@eastcoastrail @IRCTCofficial @RailwaySeva @RailMinIndia\nTTE taking money with out receipt and allowing general pub\xe2\x80\xa6 https://t.co/CdE9unedE9'
2019-12-06 03:29:09,b'Am traveling in train no 22894 jsg to snsi with family. In sleeper s2 we all r facing problem toilet are overflowin\xe2\x80\xa6 https://t.co/PIBlNSaKvb'
2019-12-06 03:21:07,b'@PiyushGoyalOffc  @IRCTCofficial  12393 delay by 5 hour'
2019-12-06 03:16:31,b'@ankitsingh4sn @RailwaySeva @IRCTCofficial If you have trust on Railway then why u twit'
2019-12-06 03:09:38,b'2104489509 this is my pnr can you say my status please @IRCTCofficial'
2019-12-06 02:54:57,"b'Train no. 12818, S7, washroom is not clean. Please clean it on next station. Door is also not closing properly.\xe2\x80\xa6 https://t.co/TWbXcUPiP3'"
2019-12-06 02:53:22,"b""My Mom has been continuously trying to check the status and hasn't got the recent updates yet. Could you please hel\xe2\x80\xa6 https://t.co/GkwCwX8PDz"""
2019-12-06 02:47:39,"b""@ManishBhashkar @RailwaySeva @IRCTCofficial Don't worry yes i've trust on @RailwaySeva"""
2019-12-06 02:42:24,b'@IRCTCofficial Nice sir'
2019-12-06 02:42:15,b'RT @IRCTCofficial: Low account balance ruining your #travel plans? #IRCTC gives you an option to #book your #tickets now &amp; pay for it withi\xe2\x80\xa6'
2019-12-06 02:41:06,b'@iamashvini @RailMinIndia @IRCTCofficial What happened to you?'
2019-12-06 02:34:18,b'12411 intercity chandigarh amritsar\nC2 51 seat no.\nLarge no. of cockroaches are there\nPl do needful\n@IRCTCofficial @irctcnorthzone'
2019-12-06 02:33:41,b'Trains like Shatabdi stops here at Etawah Railway Station but no coach indicators are there (for the sake of elderl\xe2\x80\xa6 https://t.co/Rlj72CLYQm'
2019-12-06 02:26:28,b'@irctcsouthzone @JaiMutha @IRCTCofficial @DrmChennai Forwarded @srdeechgmas'
2019-12-06 02:25:21,"b'@PiyushGoyalOffc @RailMinIndia @IRCTCofficial The refund rules are stringent &amp; cancellation rules are infinite, in\xe2\x80\xa6 https://t.co/xLWyX7DK9I'"
2019-12-06 02:25:19,"b'@PiyushGoyalOffc @RailMinIndia @IRCTCofficial\nWe need to relook the archaic and baseless laws for penalties, charge\xe2\x80\xa6 https://t.co/LLOmyMITZI'"
2019-12-06 02:25:07,b'@IRCTCofficial I m travelling in train no 12808 PNR is 2304349175 in train they provide me used bedsheets and pillo\xe2\x80\xa6 https://t.co/HyrSKu7mED'
2019-12-06 02:20:37,b'@JaiMutha @IRCTCofficial Notifed to @DrmChennai @srdme_mas'
2019-12-06 02:19:12,b'Refund not complete plz resolve @RailwaySeva @IRCTCofficial https://t.co/PDHq5piioz'
2019-12-06 02:12:12,"b""Adaraniya @PiyushGoyal sir, @SureshAngadi_ it'skind request you please doonce travelfrom Belgavi to Bengaluru from\xe2\x80\xa6 https://t.co/1gLi7t4Lar"""
2019-12-06 02:06:01,b'PNR-4100893662\nThe ac is too much in the coach @IRCTCofficial @irctcsouthzone'
2019-12-06 01:56:30,"b""My train has been delayed due to which I'm not able to catch up my second train from DLS to JUC (825AM). I'm travel\xe2\x80\xa6 https://t.co/EqZFkY0Jib"""
2019-12-06 01:40:47,b'Dear @IRCTCofficial #mumbailocaltrains you sucks to the edge. India ka sabse bada kachra ho tum. Most stupid railwa\xe2\x80\xa6 https://t.co/FE3DK2oSVo'
2019-12-06 01:32:57,b'@IRCTCofficial @PiyushGoyalOffc @RailwaySeva when the train will reach? 12393/ S Kranti is running so late. Even I\xe2\x80\xa6 https://t.co/eBrjPtQFAt'
2019-12-06 01:29:13,b'RT @himaanshu11: @RailwaySeva @RailMinIndia @IRCTCofficial @drmdelhi @RailwaySeva sir can you please reply my very small query. shall be ve\xe2\x80\xa6'
2019-12-06 01:18:23,b'RT @jsts_fitness: Traveling in Rajdhani express from Bangalore to Delhi the experience is not so good because we are experiencing too many\xe2\x80\xa6'
2019-12-06 01:13:58,b'@irctcsczone @IRCTCofficial I am travelling in S5 coach of train 15024 and there is no water supply in washrooms. C\xe2\x80\xa6 https://t.co/nnZvC90ujg'
2019-12-06 01:03:13,b'@IRCTCofficial @indianrail @PiyushGoyal \nWhy is Indian Railway giving plastic bottles to each and every individual\xe2\x80\xa6 https://t.co/YmplWh7Jug'
2019-12-06 01:01:56,b'@IRCTCofficial your Madurai resting rooms are awful. People in their 70s were to forced to bath in cold water amid\xe2\x80\xa6 https://t.co/ikmWSQNALx'
2019-12-06 00:19:10,"b'@RailwaySeva @WesternRly @IRCTCofficial I have filed my TDR on 1 November-19, till date no confirmation/refund rece\xe2\x80\xa6 https://t.co/wvf0ecTxep'"
2019-12-06 00:15:43,"b'RT @dharmilanilshah: A guy is continuously torturing us in train. Even after asking him to keep silence, he is continuously talking and sin\xe2\x80\xa6'"
2019-12-05 23:59:42,"b'A guy is continuously torturing us in train. Even after asking him to keep silence, he is continuously talking and\xe2\x80\xa6 https://t.co/sFXvaLqrDO'"
2019-12-05 23:40:55,b'When there is no safety for women travellers in India even in the presence of #railway police even after so many br\xe2\x80\xa6 https://t.co/AIHb98etVF'
2019-12-05 23:32:56,b'@IRCTCofficial @RailMinIndia what kind of help is this? I got a Message that complaint has been registered and with\xe2\x80\xa6 https://t.co/IXExSLFuWt'
2019-12-05 23:26:09,b'@IRCTCofficial My complaint is 2019120501782. No one attendent attend my coach.. You guys are rediculus.'
2019-12-05 22:08:51,"b'RT @amarjeetksh: @IRCTCofficial honorable @PiyushGoyal I am traveling in sampark kranti train no. 12565. S-11, with General Tikt nd wnt to\xe2\x80\xa6'"
2019-12-05 22:03:11,b'Worst service.. we had to leave our train and no one is ready to help @IRCTCofficial @RailMinIndia ur Railway polic\xe2\x80\xa6 https://t.co/mAy2moJZqD'
2019-12-05 22:03:00,b'@AryanGeorge9 @IRCTCofficial @narendramodi @PMOIndia @PiyushGoyal @aajtak @ABPNews @TheLallantop So u think if u wi\xe2\x80\xa6 https://t.co/3Oej6IBJnQ'
2019-12-05 21:23:52,b'@IRCTCofficial @RailMinIndia Please provide help earliest train reaching near to Daund junction'
2019-12-05 21:21:02,b'@DrArunChauhan0 @PiyushGoyalOffc @RailMinIndia @IRCTCofficial @RailwaySeva Matter noted.'
2019-12-05 21:13:07,b'@aman_15797 @IRCTCofficial @RailwaySeva @PiyushGoyalOffc @PiyushGoyal You got attention.. is it really helpful.. ?'
2019-12-05 20:27:38,"b""@sanya_thakur15 @IRCTCofficial OH man I just endured a 10 hour journey \xf0\x9f\x98\xa9 I'm so sick and tired"""
2019-12-05 20:23:03,b'@IRCTCofficial @RailMinIndia Sir please provide help urgently in coach S2 in train no.22144 going to CSTM NOW Train\xe2\x80\xa6 https://t.co/6lrJOpS2IY'
2019-12-05 20:22:45,b'RT @Gaurav0054: Passengers of S10 Devagiri 17057 are being threatened by general ticket holder. They have occupied whole S10 coach. Please\xe2\x80\xa6'
2019-12-05 20:20:06,"b""@RailwaySeva @IRCTCofficial I am unable to track my bike parcel pwb: 2010264986 from akola to yeshwantpur. It's 6 d\xe2\x80\xa6 https://t.co/i2C9tRNRNx"""
2019-12-05 20:11:02,b'@IRCTCofficial i am in 15052 Train \nand i don\xe2\x80\x99t wanna again use this Train \xf0\x9f\x98\xa1\nis it express Train .?\nit\xe2\x80\x99s like a pas\xe2\x80\xa6 https://t.co/SqMkyij2cV'
2019-12-05 20:06:35,b'@IRCTCofficial  non veg food served by irctc in duranto is halal or not?'
2019-12-05 20:05:26,b'@PiyushGoyalOffc @RailMinIndia @IRCTCofficial @RailwaySeva @drmjabalpur Lawaris bag in our coach B1 train no. 11703\xe2\x80\xa6 https://t.co/BH76avar7J'
2019-12-05 20:03:15,b'Passengers of S10 Devagiri 17057 are being threatened by general ticket holder. They have occupied whole S10 coach.\xe2\x80\xa6 https://t.co/obJ5AcKA4d'
2019-12-05 19:58:41,b'@IRCTCofficial  @RailMinIndia Please provide security to in Train 22144 going to CSTM @Kurdvadi station many people\xe2\x80\xa6 https://t.co/tX7CYM35lO'
2019-12-05 19:53:04,b'@IRCTCofficial please provide security train is at kurdvadi railway station'
2019-12-05 19:51:12,b'@IRCTCofficial feeling not security in s2 coach where is railway security  many peoples in coach with out reservation in Train 22144'
2019-12-06 08:09:36,b'@IRCTCofficial\nPnr : 2847001269\nAny charging points near our seats are not working(seems these are not working in w\xe2\x80\xa6 https://t.co/Toz5jObCz4'
2019-12-06 08:05:30,b'@IRCTCofficial @RailMinIndia @RailwayNorthern @GM_NRly @GMNWRailway  my train canceled  but till now i have not rec\xe2\x80\xa6 https://t.co/E10aTPtFEm'
2019-12-06 08:02:08,b'@IRCTCofficial its option-B-finland'
2019-12-06 08:00:28,"b'@drmsdah @EasternRailway @RailwaySeva @drmdhnecr @irctceastzone @IRCTCofficial Thanks a lot for your quick action,\xe2\x80\xa6 https://t.co/taMuBY2PIu'"
2019-12-06 07:47:39,"b""Dear @PiyushGoyal ji,\n\nDon't you think there should be mechanism to communicate about such abrupt cancellations?\n\nD\xe2\x80\xa6 https://t.co/Hod7YXYMIa"""
2019-12-06 07:47:39,b'@RailwaySeva\nI have made booking via @IRCTCofficial for Train No. 18520 but just now checked &amp; found that train is\xe2\x80\xa6 https://t.co/XHrMRuhpyB'
2019-12-06 07:46:33,b'@drmhyb @BhusavalDivn @PiyushGoyal @RailwaySeva @IRCTCofficial Thanks sir!'
2019-12-06 07:38:10,b'@IRCTCofficial @RailMinIndia @PiyushGoyal @RailwaySeva reservation id is 100002176951010. The money have been deduc\xe2\x80\xa6 https://t.co/XFo4YAVKEl'
2019-12-06 07:33:41,"b'@RailwaySeva @IRCTCofficial @PiyushGoyal hi, i need full refund for the PNR 6637754888 SRC TO ED\nBooked in tatkal a\xe2\x80\xa6 https://t.co/G8y7ZyRtub'"
2019-12-06 07:33:08,"b'@RailMinIndia @PiyushGoyal Sir, have @IRCTCofficial blocked the ticket booking service for Citizens. Not able to fe\xe2\x80\xa6 https://t.co/NhYHJbAVhm'"
2019-12-06 07:29:06,"b""@IRCTCofficial @PiyushGoyal I've not yet received my refund money was promptly deducted but at the time of refund a\xe2\x80\xa6 https://t.co/qas0Kb4ZpM"""
2019-12-06 07:22:30,b'@IRCTCofficial please fix the long load time error. And if possible kindly make some change in the UI. #irctcFan'
2019-12-06 07:22:11,b'@IRCTCofficial passenger did not travel as ticket remained waitlisted. So refund will be issued or not? Unable to f\xe2\x80\xa6 https://t.co/bVSnej3EMl'
2019-12-06 07:20:00,b'@IRCTCofficial @irctcwestzone @PiyushGoyalOffc @RailwaySeva @RailMinIndia no madad after sending sms on rail madad\xe2\x80\xa6 https://t.co/vp488XEJEI'
2019-12-06 07:19:53,"b'As per rules, to how much time a valid 3rd ac ticket \nholder can use the general waiting room after arriving the de\xe2\x80\xa6 https://t.co/Werv50YzhQ'"
2019-12-06 07:15:14,b'@Central_Railway @WesternRly @IRCTCofficial @RailMinIndia @CPRONCR  kindly look into the issue'
2019-12-06 07:14:23,"b""@IRCTCofficial @RailMinIndia My pnr is 2304916377. I'm running about  10-15 min late. Can i get any help? PLEASE"""
2019-12-06 07:13:56,b'@IRCTCofficial Transaction Successful.  But ticket...? https://t.co/52sPbHnM8O'
2019-12-06 07:10:52,b'Sir you are not responding to my tweet. Please take action in this regard... @IRCTCofficial @RailwaySeva @RailMinIndia'
2019-12-06 07:10:43,b'@IRCTCofficial I have Booked Tatkal From Hazrath Nizamuddeen to MAJN via Tatkal...But Ticket Not Showing... Now Sta\xe2\x80\xa6 https://t.co/afIfTWbmol'
2019-12-06 07:07:35,"b'@khan_shamik @BhusavalDivn @PiyushGoyal @RailwaySeva @IRCTCofficial Inconvenience is regretted, our reply was based\xe2\x80\xa6 https://t.co/Xuh2wQDyDS'"
2019-12-06 07:05:49,b'@IRCTCofficial @irctcwestzone @PiyushGoyal If all were waitlisted then the refund was auto. How ridiculous is this\xe2\x80\xa6 https://t.co/ptYzHJcEpT'
2019-12-06 07:03:15,b'@IRCTCofficial @irctcwestzone Our PNR 2745618527 where 3 etickets got confirmed and 3 were in waitlist. Got to know\xe2\x80\xa6 https://t.co/yDuMEqRb7u'
2019-12-06 07:00:32,b'What happens when the airline and booking portal wants to charge you 3250 to cancel a ticket for which you paid 275\xe2\x80\xa6 https://t.co/0XYV9UYhXV'
2019-12-06 06:57:52,b'@gabbar_viru @RailMinIndia Matter escalated to @drmpune @IRCTCofficial'
2019-12-06 06:57:08,b'@IRCTCofficial @PiyushGoyal @PiyushGoyalOffc @RailMinIndia @Central_Railway @WesternRly #IRCTC Website is not prope\xe2\x80\xa6 https://t.co/4KMWVkZApI'
2019-12-06 06:56:45,b'@bankim_jani @irctcwestzone @IRCTCofficial Please look into it.'
2019-12-06 06:56:01,"b'@dM68t0v35vjkqdw @YaghyaN @PiyushGoyal @IRCTCofficial @RailMinIndia train has been passed from MTD ,no watering fac\xe2\x80\xa6 https://t.co/FbhVsFrcT6'"
2019-12-06 06:54:23,"b'I booked a ticket for a senior citizen when seats are still available but its showing RAC after booked, IRCTC helpl\xe2\x80\xa6 https://t.co/0EFGRYA3bP'"
2019-12-06 06:53:08,b'Sir please take action in this regard. I can send you the picture but it is that much dirty as the tank is full not\xe2\x80\xa6 https://t.co/2VKadUO2B8'
2019-12-06 06:52:07,"b'@drmhyb @BhusavalDivn @PiyushGoyal @RailwaySeva @IRCTCofficial Hi sir,\nOn online tracking it now shows that it got\xe2\x80\xa6 https://t.co/DZjNShoMop'"
2019-12-06 06:51:15,b'@goibibo Irctc cancellation charge for a Sleeper class ticket is Rs.120. But it is showing as Rs. 292 in Goibibo. W\xe2\x80\xa6 https://t.co/XT6kihIUXI'
2019-12-06 06:50:20,b'@IRCTCofficial i had booked a ticket and your Executive said 7-8 days ago  that you can change your boarding To NDL\xe2\x80\xa6 https://t.co/T4RK2iYYYZ'
2019-12-06 06:49:55,b'I m traveling in \xe0\xa4\x85\xe0\xa4\xb5\xe0\xa4\xa7 assam 15910 express pnr 2104864763 in coach S1. The toilet is that much dirty that one cannot\xe2\x80\xa6 https://t.co/hM5Kb9sUMG'
2019-12-06 06:48:04,b'@IRCTCofficial Please help as I am unable to book a retiring room through IRCTC tourism App. Amount got deducted tw\xe2\x80\xa6 https://t.co/mCloBrtSH7'
2019-12-06 06:45:34,b'RT @Alokdeval22: @IRCTCofficial I m travelling in train no 12808 PNR is 2304349175 in train they provide me used bedsheets and pillows. In\xe2\x80\xa6'
2019-12-06 06:44:09,b'What an individual should do for online tatkal??Always not available while booking tickets it takes time and buffer\xe2\x80\xa6 https://t.co/cUOacJEJOH'
2019-12-06 06:43:52,b'@RailMinIndia @SCRailwayIndia @RailMinIndia @IRCTCofficial \nAn upper birth is given to a 65 year old person in the\xe2\x80\xa6 https://t.co/6gIAaF7Ecf'
2019-12-06 06:40:35,"b'Rs 137 not returned, kindly return my money @PMOIndia @IRCTCofficial @PiyushGoyal @PiyushGoyalOffc @RailMinIndia'"
2019-12-06 06:35:34,b'Dear sir\n\nRail madad says amount refunded and nothing such has been reflected in my bank.\n\nSince 2 days passed no p\xe2\x80\xa6 https://t.co/ViDYT7aPLN'
2019-12-06 06:25:44,b'@EasternRailway @subhomoysamanta @RailwaySeva MATTER FORWARDED TO @drmdhnecr &amp; @irctceastzone @IRCTCofficial'
2019-12-06 06:25:07,b'@IRCTCofficial @drm_raipur @DRMBilaspur sir train no.13287 showing not available When i want to make a reservation\xe2\x80\xa6 https://t.co/xA3Mwv1aZ5'
2019-12-06 06:23:07,b'@RailwaySeva @IRCTCofficial @PiyushGoyal\nHi I have booked ticket in train no 09005 special train between Mumbai to\xe2\x80\xa6 https://t.co/MZaUX1XHTk'
2019-12-06 06:21:42,b'@RailwaySeva @PiyushGoyalOffc \nThe @IRCTCofficial food vendor refused to provide me the standard veg meal of Rs. 50\xe2\x80\xa6 https://t.co/LZgs6sSGjh'
2019-12-06 06:21:40,b'@ckabhimanyu92 @RailMinIndia @PiyushGoyal @IRCTCofficial Sir matter forwarded to @GM_ECRly'
2019-12-06 06:20:30,b'RT @IRCTCofficial: #Download the @irctc_imudra app &amp; use it anytime and anywhere for all your needs. Accepted across #online &amp; #offline pla\xe2\x80\xa6'
2019-12-06 06:20:15,"b""RT @IRCTCofficial: Visit the 'Land of Happiness' with #IRCTC's 'Adbhut Bhutan' package. Enjoy the stunning #landscapes of #Thimpu, #Paro &amp;\xe2\x80\xa6"""
2019-12-06 06:19:51,b'Proud shareholder of #IRCTC https://t.co/GSPsJP5p9P'
2019-12-06 06:19:45,"b'@khan_shamik @BhusavalDivn @PiyushGoyal @RailwaySeva @IRCTCofficial 17642 will reach kcg at 20.15hs., adviced parce\xe2\x80\xa6 https://t.co/1JGCo4TsMy'"
2019-12-06 06:12:38,b'@BhusavalDivn @PiyushGoyal @RailwaySeva @IRCTCofficial @drmhyb Thanks sir!'
2019-12-06 06:05:23,"b""@IRCTCofficial \n i was unable to open my IRCTC account, didn't received OTP after trying for 3 time now it is showi\xe2\x80\xa6 https://t.co/BBARL0duRi"""
2019-12-06 06:03:05,"b""I don't know what kind of application is this?@IRCTCofficial login isn't working,payment isn't working , whether us\xe2\x80\xa6 https://t.co/mwhVvtXiDX"""
2019-12-06 05:59:51,b'RT @RohitNilima: @irctcnorthzone @IRCTCofficial @IndianRailUsers @indianrail Behavior of compartment staff was gentle and he extremely apol\xe2\x80\xa6'
2019-12-06 05:56:12,b'@IRCTCofficial \nNilgiri Express (12671)\nToday booked tatkal ticket (Transaction ID: 100002176560063)payment got deb\xe2\x80\xa6 https://t.co/uhhg1j7PJC'
2019-12-06 05:53:14,"b""@RailMinIndia and @IRCTCofficial are openly looting it's customers in the name of CANCELATION CHARGES. I don't unde\xe2\x80\xa6 https://t.co/Z54k6UAICd"""
2019-12-06 05:52:24,b'@IRCTCofficial OTP based verification  facility during payment of ticket via irctc wallet take much longer time tha\xe2\x80\xa6 https://t.co/6TO7svuUVn'
2019-12-06 05:51:45,b'@IRCTCofficial  why my transaction always failed?? Its so frustrating.. my money is deducted from my account but my\xe2\x80\xa6 https://t.co/poH8RZejpN'
2019-12-06 05:45:28,b'@PiyushGoyal @IRCTCofficial @RailMinIndia \nTotal of 3000 paid as bribe by my brother in law because two kids were t\xe2\x80\xa6 https://t.co/sS8KwIGRWQ'
2019-12-06 05:42:10,b'It appears that @IRCTCofficial website is not functioning properly.'
2019-12-06 05:40:11,b'@IRCTCofficial @IrctcPro @PMOIndia \n\nThis is big issue in IRCTC site.. Agent log aram se book kar lete hai or aam a\xe2\x80\xa6 https://t.co/kFK7RMp6MR'
2019-12-06 05:39:58,b'While booking a ticket my ticket was not been booked but my payment has been deducted from my account.request that\xe2\x80\xa6 https://t.co/wzu64rR8QZ'
2019-12-06 05:36:12,b'@RailwaySeva @PiyushGoyalOffc Kindly look into this.\n@RailwaySeva @PiyushGoyalOffc @IRCTCofficial @RailMinIndia'
2019-12-06 05:31:52,b'@RailMinIndia @IRCTCofficial @Central_Railway still waiting for refund'
2019-12-06 05:31:28,b'RT @VIJAYAGNIHOTRI: @RailMinIndia @IRCTCofficial @Central_Railway \ndear sir \nmy pnr 2630690040 \ntrain was late more then 7 hrs.  \ni book an\xe2\x80\xa6'
2019-12-06 05:25:35,b'Dear @PiyushGoyal @PiyushGoyalOffc @IRCTCofficial I have booked 2 tickets. It is still in WL status. If tickets are\xe2\x80\xa6 https://t.co/eOUoONnutm'
2019-12-06 05:22:08,b'@ViceBhopal @IRCTCofficial @eCateringIRCTC @irctcwestzone @RailwaySeva @PiyushGoyalOffc Matter forwarded to\xe2\x80\xa6 https://t.co/1YYaBh08Vy'
2019-12-06 05:22:02,b'my brother booked ticket but due to some reason he cant travel and behalf of him i want travel on that ticket and w\xe2\x80\xa6 https://t.co/4ebHXQOBlW'
2019-12-06 05:20:55,b'Dear @IRCTCofficial @eCateringIRCTC @irctcwestzone Traveling against PNR 8427868597. Veg JAIN Food Required.Kindly\xe2\x80\xa6 https://t.co/blRX3wgQMo'
2019-12-06 05:19:51,b'RT @Jainashish_vns: @RailMinIndia @Indianrailway18 @indianrailway__ @drmbsbner @nerailwaygkp @IRCTCofficial @RailwaySeva @drmlko25 @drmmgs\xe2\x80\xa6'
2019-12-06 05:19:32,b'RT @Jainashish_vns: @RailMinIndia @Indianrailway18 @indianrailway__ @drmbsbner @nerailwaygkp @IRCTCofficial @RailwaySeva @drmlko25 @drmmgs\xe2\x80\xa6'
2019-12-06 05:10:58,b'Dear @IRCTCofficial and @RailwaySeva what is this ? Every time I book a ticket and make payment through Google pay\xe2\x80\xa6 https://t.co/c2OKVV4DWw'
2019-12-06 05:09:29,b'@IRCTCofficial \nFacility in humsafar 15705 is totally bogus..and charging like fancy pricing...its totally radiculo\xe2\x80\xa6 https://t.co/Vxwvjtuui1'
2019-12-06 04:59:52,b'@IRCTCofficial @amazonIN @amazonpay @amazon reply p'
2019-12-06 04:54:54,"b'@khan_shamik @PiyushGoyal @RailwaySeva @IRCTCofficial Sir, your bike booked ex AK to YPR , loaded in R/SLR of 17642\xe2\x80\xa6 https://t.co/b8y0Vfsym1'"
2019-12-06 04:49:56,b'@BhopalDivision @Deepesh89906523 @PiyushGoyal @IRCTCofficial @bansalhabibganj Tweet is no more exist https://t.co/bXGLBkTiU1'
2019-12-06 04:44:12,"b'Train 13238, running late by 3 hours,   a common train is running so late , why, no proper arrangements @PiyushGoyal @IRCTCofficial'"
2019-12-06 04:40:36,"b""@IRCTCofficial  what's use of the app if we are unable to book tatkal ticket!!.... It's very slow and post all tick\xe2\x80\xa6 https://t.co/as1vnHSxwV"""
2019-12-06 04:39:20,b'@khan_shamik @PiyushGoyal @RailwaySeva @IRCTCofficial Your matter noted and forwarded to the concerned Officials for necessary action.'
2019-12-06 04:36:10,"b'@IRCTCofficial @RailMinIndia @RailwaySeva East @Central_Railway sir,between Athmalgola &amp; bakhtiyarpur,The Wire conn\xe2\x80\xa6 https://t.co/tRTRjZoBh7'"
2019-12-06 04:30:38,"b'@IRCTCofficial  My E-ticket status is 1st Passenger CNF and other two are RLWL/1,2 Can I board the train which is tomorrow?@irctcwestzone'"
2019-12-06 04:06:58,"b'@RailwaySeva @PiyushGoyal @timesofindia @RailMinIndia @RailwaySeva , @IRCTCofficial ,@RailMinIndia ,@PiyushGoyal al\xe2\x80\xa6 https://t.co/kSZyitTRFw'"
2019-12-06 04:00:39,b'RT @IRCTCofficial: Low account balance ruining your #travel plans? #IRCTC gives you an option to #book your #tickets now &amp; pay for it withi\xe2\x80\xa6'
2019-12-06 03:43:20,b'@PiyushGoyal Hello Sir! This is so unfair that train no. 12802 NDLS- PURI got diverted from Chunar to TATA without\xe2\x80\xa6 https://t.co/I4U7aAZck6'
2019-12-06 03:40:57,b'@IRCTCofficial @RailMinIndia train 15013 was running late more then 3 hours from source and due to this reason not\xe2\x80\xa6 https://t.co/zSXrrYOSrG'
2019-12-06 03:39:35,b'@PiyushGoyal @IRCTCofficial This man is lied like a patient in  coach no. S8 of train no. 12381\n\nNo one is helping\xe2\x80\xa6 https://t.co/IiMWg3GlQ9'
2019-12-06 03:36:01,b'@eCateringIRCTC @IRCTCofficial @irctcwestzone @IRCTCofficial @PiyushGoyalOffc @PiyushGoyal \n12203 jo abhi Lucknow p\xe2\x80\xa6 https://t.co/4wcUUXxoib'
2019-12-06 03:34:00,b'@eastcoastrail @IRCTCofficial @RailwaySeva @RailMinIndia\nTTE taking money with out receipt and allowing general pub\xe2\x80\xa6 https://t.co/CdE9unedE9'
2019-12-06 03:29:09,b'Am traveling in train no 22894 jsg to snsi with family. In sleeper s2 we all r facing problem toilet are overflowin\xe2\x80\xa6 https://t.co/PIBlNSaKvb'
2019-12-06 03:21:07,b'@PiyushGoyalOffc  @IRCTCofficial  12393 delay by 5 hour'
2019-12-06 03:16:31,b'@ankitsingh4sn @RailwaySeva @IRCTCofficial If you have trust on Railway then why u twit'
2019-12-06 03:09:38,b'2104489509 this is my pnr can you say my status please @IRCTCofficial'
2019-12-06 02:54:57,"b'Train no. 12818, S7, washroom is not clean. Please clean it on next station. Door is also not closing properly.\xe2\x80\xa6 https://t.co/TWbXcUPiP3'"
2019-12-06 02:53:22,"b""My Mom has been continuously trying to check the status and hasn't got the recent updates yet. Could you please hel\xe2\x80\xa6 https://t.co/GkwCwX8PDz"""
2019-12-06 02:47:39,"b""@ManishBhashkar @RailwaySeva @IRCTCofficial Don't worry yes i've trust on @RailwaySeva"""
2019-12-06 02:42:24,b'@IRCTCofficial Nice sir'
2019-12-06 02:42:15,b'RT @IRCTCofficial: Low account balance ruining your #travel plans? #IRCTC gives you an option to #book your #tickets now &amp; pay for it withi\xe2\x80\xa6'
2019-12-06 02:41:06,b'@iamashvini @RailMinIndia @IRCTCofficial What happened to you?'
2019-12-06 02:34:18,b'12411 intercity chandigarh amritsar\nC2 51 seat no.\nLarge no. of cockroaches are there\nPl do needful\n@IRCTCofficial @irctcnorthzone'
2019-12-06 02:33:41,b'Trains like Shatabdi stops here at Etawah Railway Station but no coach indicators are there (for the sake of elderl\xe2\x80\xa6 https://t.co/Rlj72CLYQm'
2019-12-06 02:26:28,b'@irctcsouthzone @JaiMutha @IRCTCofficial @DrmChennai Forwarded @srdeechgmas'
2019-12-12 10:21:34,b'@drmsecunderabad @PiyushGoyal @PiyushGoyalOffc @RailMinIndia @RailwaySeva @IRCTCofficial @narendramodi @PMOIndia\xe2\x80\xa6 https://t.co/cXVoEMVdEd'
2019-12-12 10:19:06,b'Difference price for close time in @NSEIndia @BSEIndia @IRCTCofficial share https://t.co/Jvnot2IFo7'
2019-12-12 10:14:02,b'@SiddharthaSark9 @PiyushGoyal @PiyushGoyalOffc @RailMinIndia @RailwaySeva @IRCTCofficial @narendramodi @PMOIndia\xe2\x80\xa6 https://t.co/UTassMgV6x'
2019-12-12 10:13:48,"b'@IRCTCofficial @irctceastzone  We are sitting in B3 coach in 12367 train , and booked ticket from bhaglpur to Patna\xe2\x80\xa6 https://t.co/4DLrCTCYrG'"
2019-12-12 10:11:11,"b'@drmkgp @IRCTCofficial Please request on duty tte to attend s4, urgent'"
2019-12-12 10:08:56,b'@PiyushGoyal @PiyushGoyalOffc @RailMinIndia @RailwaySeva @IRCTCofficial pantry manager 12704 is serving the train w\xe2\x80\xa6 https://t.co/uNYaTW91Sn'
2019-12-12 10:06:34,b'@RailMinIndia @RailwaySeva @IRCTCofficial @PiyushGoyal \nTrain no. 12054(amritsar to haridwar) Not showing in irctc\xe2\x80\xa6 https://t.co/1a3aJKQk5T'
2019-12-12 10:05:29,b'@drmkgp @IRCTCofficial The manager of catering is having expired licence. Please take immediate action. @PiyushGoyal @RailMinIndia'
2019-12-12 10:03:40,b'@drmjabalpur @iamharsh58 @IRCTCofficial @RailwaySeva Drm sir...Pls see this report https://t.co/gRrTiRee7O'
2019-12-12 10:01:27,b'Discover the picture-perfect beauty of #SouthIndia with #IRCTC Southern Marvel #package. For #packageDetails &amp;\xe2\x80\xa6 https://t.co/jDvdZUDfv5'
2019-12-12 10:01:04,b'@DRMKhurdaroad @theshubhashish @RailMinIndia @IRCTCofficial @PiyushGoyal @eastcoastrail @otvnews 18415 departed from KDJR at 03:12hrs.'
2019-12-12 09:59:59,b'@drmkgp @IRCTCofficial Suspend the waiter and manager immediately for harassing passengers and please assist us.'
2019-12-12 09:57:49,b'@SiddharthaSark9 @IRCTCofficial Please share your PNR details'
2019-12-12 09:57:08,"b""It's been more than 4 months still I haven't got refund form IRCTC. My train was cancelled and I had already filed\xe2\x80\xa6 https://t.co/AjoRVxZiS4"""
2019-12-12 09:52:42,b'@EasternRailway @Sambit97Chjee @IRCTCofficial @drm_kir pl look into the matter @CCMPMER @drm_kir @IRCTCofficial'
2019-12-12 09:48:12,"b'@RailMinIndia @RailwaySeva @IRCTCofficial @IRCTCinfo kindly focus on this train, because these train starting delay\xe2\x80\xa6 https://t.co/CB5pwrEvsX'"
2019-12-12 09:47:04,b'It has become a now trend to the people that they take a general ticket and occupy the seats in the reserved compar\xe2\x80\xa6 https://t.co/wBseCRYcXH'
2019-12-12 09:44:33,b'@EasternRailway @amanatdav @IRCTCofficial @RailwaySeva @RailMinIndia @NWRailways MATTER FORWARDED TO OFFICIAL CONCERNED'
2019-12-12 09:44:19,b'@drmkgp @serailwaykol @PiyushGoyal @PiyushGoyalOffc @RailMinIndia @IRCTCofficial lodge complaint against pantry man\xe2\x80\xa6 https://t.co/Jb2SifycMn'
2019-12-12 09:40:46,"b'RT @FromBhaskar: The letter written by @IRCTCofficial to @ArvindKejriwal govt, denying availability of trains for Mukhyamantri Teerath Yatr\xe2\x80\xa6'"
2019-12-12 09:39:45,b'@drmkgp @IRCTCofficial Please resolve the issue.'
2019-12-12 09:37:40,b'@amanatdav @IRCTCofficial @RailwaySeva @RailMinIndia @NWRailways Sir matter forwarded to @drmhowrah'
2019-12-12 09:36:01,b'@Sambit97Chjee @drmsdah @IRCTCofficial @drm_kir Sir matter forwarded to @IRCTCofficial @drmsdah'
2019-12-12 09:33:33,b'@theshubhashish @RailMinIndia @IRCTCofficial @PiyushGoyal @eastcoastrail @otvnews Matter notified to concerned officials @srdomkur'
2019-12-12 09:29:59,b'@drmkgp @IRCTCofficial Not resolved yet'
2019-12-12 09:25:07,b'Now look beyond #Thailand.\nEnjoy Christmas in #Vietnam \nThanks to @IRCTCofficial and @IndiGo6E for such a lucrative\xe2\x80\xa6 https://t.co/9jSnNnzKgd'
2019-12-12 09:22:43,b'@DRM_BVP @drmadiwr @WesternRly @AkashPhophalia @IRCTCofficial @IrctcPro @RailMinIndia @RailwaySeva Complaint attended by ACCA'
2019-12-12 09:18:23,b'Kindly update the status of the train 18415 at Keonjhar. @RailMinIndia @IRCTCofficial @PiyushGoyal @eastcoastrail @DRMKhurdaroad @otvnews'
2019-12-12 09:13:48,b'RT @Sambit97Chjee: @drmsdah @EasternRailway @IRCTCofficial @drm_kir Online booking for any class in 12344 Darjeeling Mail is not available\xe2\x80\xa6'
2019-12-12 09:11:38,b'@IRCTCofficial @RailwaySeva toilets in train 12171 coach b3 &amp; b2 are stinking like hell please help.'
2019-12-12 09:09:14,b'@drmsdah @EasternRailway @IRCTCofficial @drm_kir Online booking for any class in 12344 Darjeeling Mail is not avail\xe2\x80\xa6 https://t.co/8rnBxHjSlg'
2019-12-12 09:07:10,b'@TheOfficialSBI @SBICard_Connect  @SBILife @SBI_FOUNDATION @SBIMF @IRCTCofficial @arunjaitley @PMOIndia\xe2\x80\xa6 https://t.co/ECDbmeKSN5'
2019-12-12 09:05:51,"b'RT @PranabasishS: Hello @IRCTCofficial @eCateringIRCTC  @PiyushGoyal  sir ,I am traveling on train no. 15904 ,Chandigarh Dibrugarh express\xe2\x80\xa6'"
2019-12-12 09:03:35,"b""@IRCTCofficial anyone to take my complaint IAM in train 12618 the toilets are superbly unhygienic and untidy it's j\xe2\x80\xa6 https://t.co/q2vt3JHZ2z"""
2019-12-12 09:03:12,b'@IRCTCofficial @RailMinIndia @GMSRailway @SRailwayIndia Just witnessed at Alleppey that a beggar was not given food\xe2\x80\xa6 https://t.co/bfHu6XcdZF'
2019-12-12 09:03:05,b'@SiddharthaSark9 Matter forwarded to @IRCTCofficial'
2019-12-12 08:59:16,"b'RT @NilambarMishra2: @IRCTCofficial   yesterday we journey Allahabad to Puri, we are take train bandana Japan express, but this train is to\xe2\x80\xa6'"
2019-12-12 08:57:21,"b'Hello @IRCTCofficial @eCateringIRCTC  @PiyushGoyal  sir ,I am traveling on train no. 15904 ,Chandigarh Dibrugarh ex\xe2\x80\xa6 https://t.co/FYCDBry8Ns'"
2019-12-12 08:53:39,b'RT @iamvetsurya: @IRCTCofficial  we dont have printout of ticket ..but we have a msg ..with name ..and id ....\nA special tte are arguing wi\xe2\x80\xa6'
2019-12-12 08:53:37,"b'@RailwaySeva @IRCTCofficial I have booked 3 tickets. But 1 passenger is not willing to travel. So I filled TDR of ""\xe2\x80\xa6 https://t.co/8qCt6a1hws'"
2019-12-12 08:52:40,b'@IRCTCofficial  we dont have printout of ticket ..but we have a msg ..with name ..and id ....\nA special tte are arg\xe2\x80\xa6 https://t.co/T6zp5TWadA'
2019-12-12 08:52:19,b'@SiddharthaSark9 @IRCTCofficial @PiyushGoyal @RailMinIndia @serailwaykol please explain what type of assistance nee\xe2\x80\xa6 https://t.co/mOUQuxcyiy'
2019-12-12 08:46:06,"b'Train no. 13007 , Date of Departure from HWH = 09.12.2019\n\ncan u please tell me , what was the final destination of\xe2\x80\xa6 https://t.co/od98S2mCcm'"
2019-12-12 08:44:49,"b'@IRCTCofficial @drmkgp @PiyushGoyal @RailMinIndia need assistance at s4,12704 falaknuma express. @serailwaykol'"
2019-12-12 08:43:36,b'@DRM_BVP @drmadiwr @WesternRly @AkashPhophalia @IRCTCofficial @IrctcPro @RailMinIndia @RailwaySeva Please share you\xe2\x80\xa6 https://t.co/d5aPzIetcC'
2019-12-12 08:41:17,b'Pl attend and clear unreserved passengers travelling in reservation sleeper compartment in train\nPNR PNR-8800737474\xe2\x80\xa6 https://t.co/T7dTkBNYNo'
2019-12-12 08:36:49,b'If you miss your train due to the delayed train? Who will pay for this @IRCTCofficial @PiyushGoyal'
2019-12-12 08:34:30,"b'@IRCTCofficial   yesterday we journey Allahabad to Puri, we are take train bandana Japan express, but this train is\xe2\x80\xa6 https://t.co/j3HACToyee'"
2019-12-12 08:33:25,b'@drmadiwr @WesternRly @AkashPhophalia @IRCTCofficial @IrctcPro @RailMinIndia @RailwaySeva Matter forwarded to concerned department @sdmebvp1'
2019-12-12 08:29:56,"b'Only increasing prices,not the quality of food. in 80 rs what we are getting same we are getting earlier into 50rs\xe2\x80\xa6 https://t.co/b3KvGXIVGn'"
2019-12-12 08:28:47,b'@IRCTCofficial @RailMinIndia @PiyushGoyal serious complaint to be lodged pantry manager of 12704.  For using abusiv\xe2\x80\xa6 https://t.co/4SCYAR5f0T'
2019-12-12 08:25:06,b'@WesternRly @PiyushGoyal  @IRCTCofficial\nPNR 8723953227\nTraveling in haridwar Express and washroom not cleaned\nKindly do the needful'
2019-12-12 08:21:02,"b'@IRCTCofficial Sir/Madam, \nMy parents are traveling in Bgkt-Kyq express. Washrooms are very dirty and so is the coa\xe2\x80\xa6 https://t.co/EaUEdjCA2Y'"
2019-12-12 08:17:33,"b'@PiyushGoyalOffc @PiyushGoyal @RailwaySeva @IRCTCofficial @lucky30in  Suffering continues from 5th sept to now,then\xe2\x80\xa6 https://t.co/sIBPI3S2Qq'"
2019-12-12 08:12:21,b'@Central_Railway @WesternRly @Gmwrly @gmwcrailway @IRCTCofficial @irctcwestzone @RailwaySeva @RailMinIndia\xe2\x80\xa6 https://t.co/5Uc7jGXiqr'
2019-12-12 08:04:24,b'@WesternRly @AkashPhophalia @IRCTCofficial @IrctcPro @RailMinIndia @RailwaySeva Kindly intervene @DRM_BVP'
2019-12-12 08:00:17,b'@WesternRly @AkashPhophalia @IRCTCofficial @IrctcPro @RailMinIndia @RailwaySeva Kindly share your journey details.'
2019-12-12 07:58:18,b'@AkashPhophalia @IRCTCofficial @IrctcPro @RailMinIndia @RailwaySeva Please look into this matter @drmadiwr'
2019-12-12 07:50:01,b'@IRCTCofficial @IrctcPro @RailMinIndia @WesternRly @RailwaySeva Inspite of asking for multiple times......they are\xe2\x80\xa6 https://t.co/0vMVtSMNA9'
2019-12-12 07:44:10,b'@RailwaySeva Hi Ticket booked bymistakely only you should refund atleast 50% Amount as m cancel the ticket within a\xe2\x80\xa6 https://t.co/GCud1tS8Wy'
2019-12-12 07:41:46,b'@ConfirmTKT @IRCTCofficial @ConfirmTKT  THOUGH IRCTC DID WELL IN REFUNDING CANCELLING TKT BUT I GOT WORST EXPERIENC\xe2\x80\xa6 https://t.co/C9vpLUNlqW'
2019-12-12 07:41:06,b'@IRCTCofficial may know the reason of route diversion of major trains between aurihar and Ballia?'
2019-12-12 07:36:37,"b'RT @FromBhaskar: The letter written by @IRCTCofficial to @ArvindKejriwal govt, denying availability of trains for Mukhyamantri Teerath Yatr\xe2\x80\xa6'"
2019-12-12 07:33:46,b'@IRCTCofficial I booked ticket on 11th November 2019 from sealdah station via phonepe upi for down puri exp 12838 t\xe2\x80\xa6 https://t.co/tLm5UWxb4g'
2019-12-12 07:33:30,b'@RailwaySeva @sourabhAil Looks like the fraud is with in @IRCTCofficial They are doing nothing with 9382505942'
2019-12-12 07:31:06,b'@rsinghal253 @RailwaySeva @KotakBankLtd Data is being leaked from @IRCTCofficial as one of my friend has been cheat\xe2\x80\xa6 https://t.co/a1pZnElbI8'
2019-12-12 07:28:06,"b'RT @FromBhaskar: The letter written by @IRCTCofficial to @ArvindKejriwal govt, denying availability of trains for Mukhyamantri Teerath Yatr\xe2\x80\xa6'"
2019-12-12 07:27:32,b'@Uppolice This number 9382505942 is doing fraud with people by withdrawing money from bank accounts of people using\xe2\x80\xa6 https://t.co/sdWnMnuHyn'
2019-12-12 07:26:01,"b'RT @IRCTCofficial: Now send #money or receive it from your friends using #IRCTC #iMudra for quick, easy &amp; instant #transfers Spread the wor\xe2\x80\xa6'"
2019-12-12 07:21:05,b'@IRCTCofficial @gmscrailway @RailMinIndia @SCRailwayIndia @RailwaySeva \nTo avail urinals in Refreshing Lounge of Vi\xe2\x80\xa6 https://t.co/lwluHUqhxm'
2019-12-12 07:15:42,"b""@IRCTCofficial I went for the tdr as the train was late for more than 3 hours .. but didn't get my refund back .. t\xe2\x80\xa6 https://t.co/yBcAJhYnIG"""
2019-12-12 07:09:59,"b'@RailwaySeva @IRCTCofficial @PiyushGoyal And even after that if you people want to make money from riots, protests\xe2\x80\xa6 https://t.co/TBz77gZBmZ'"
2019-12-12 07:09:15,b'TRN 13484 Source -DLI  ON 13/12/2019 HAS BEEN DIVERTED DUE TO UNAVOIDABLE CIRCUMSTANCES INCONVENIENCE CAUSED IS DEE\xe2\x80\xa6 https://t.co/0TUDlls1w7'
2019-12-12 07:05:24,"b'RT @FromBhaskar: The letter written by @IRCTCofficial to @ArvindKejriwal govt, denying availability of trains for Mukhyamantri Teerath Yatr\xe2\x80\xa6'"
2019-12-12 07:00:34,b'@UPI_NPCI @PhonePeSupport @IRCTCofficial @AxisBankSupport Amount deducted but not received to IRCTC.. Please see th\xe2\x80\xa6 https://t.co/7BkXISoi4K'
2019-12-12 06:57:36,b'@RailMinIndia @IRCTCofficial @ConfirmTKT  THOUGH IRCTC DID WELL IN REFUNDING CANCELLING TKT BUT I GOT WORST EXPERIE\xe2\x80\xa6 https://t.co/LckrRyJtGE'
2019-12-12 06:56:52,"b""@RailwaySeva Dear Indian Railway, don't preach me about refund rules. Just answer me why i bound to pay the heavy c\xe2\x80\xa6 https://t.co/omDhQkUhaS"""
2019-12-12 06:53:03,b'@RailwaySeva @WesternRly @IRCTCofficial plz check the attached image and tell me how much tym it will take to resol\xe2\x80\xa6 https://t.co/ld6aOoJLjc'
2019-12-12 06:46:56,b'@iamharsh58 @IRCTCofficial @RailwaySeva MATTER NOTED'
2019-12-12 06:45:16,"b'@IRCTCofficial @ConfirmTKT  THOUGH IRCTC DID WELL IN REFUNDING CANCELLING TKT BUT I GOT WORST EXPERIENCE WITH ""CONF\xe2\x80\xa6 https://t.co/s3K6nYZJo9'"
2019-12-12 06:43:48,b'@RahulBaral17 Matter forwarded to @IRCTCofficial'
2019-12-12 06:36:14,b'@AamAadmiParty @msisodia @IRCTCofficial @PiyushGoyal this is anti hindu..'
2019-12-12 06:35:05,"b'RT @FromBhaskar: The letter written by @IRCTCofficial to @ArvindKejriwal govt, denying availability of trains for Mukhyamantri Teerath Yatr\xe2\x80\xa6'"
2019-12-12 06:31:07,"b'RT @IRCTCofficial: Now send #money or receive it from your friends using #IRCTC #iMudra for quick, easy &amp; instant #transfers Spread the wor\xe2\x80\xa6'"
2019-12-12 06:30:10,"b""First of all develop your IRCTC app \xf0\x9f\x98\x80 , at 11'O clock , it is not working properly. Many times transactions of mine\xe2\x80\xa6 https://t.co/WuOlNxjQp1"""
2019-12-12 06:30:08,"b'RT @SudhirRTI: The letter written by @IRCTCofficial to @ArvindKejriwal govt, denying availability of trains for Mukhyamantri Teerath Yatra\xe2\x80\xa6'"
2019-12-12 06:29:22,b'@RailwaySeva @IRCTCofficial @RailMinIndia I ll b traveling from Chennai to in Duronto on 6 after coming from Port B\xe2\x80\xa6 https://t.co/LcR3vexoHO'
2019-12-12 06:26:44,"b'IRCTC refused my refund with status CR Repudiate,my coach was downgraded to sleeper from 3AC and the TDR filed was\xe2\x80\xa6 https://t.co/LqKjScy3Le'"
2019-12-12 06:26:32,b'@PiyushGoyal @IRCTCofficial @RailwaySeva disappointed in ur service booked a tatkal tkt for tomorrow 12115 siddhesh\xe2\x80\xa6 https://t.co/aS1lbkC7LO'
2019-12-12 06:26:01,"b'Now send #money or receive it from your friends using #IRCTC #iMudra for quick, easy &amp; instant #transfers Spread th\xe2\x80\xa6 https://t.co/60RQaZ1VZ0'"
2019-12-12 06:25:37,b'@FromBhaskar @IRCTCofficial @ArvindKejriwal I must say I am not surprised.'
2019-12-12 06:22:16,b'@AbuSufi29731007 @drmljn @IRCTCofficial @RailwaySeva Please submit written application for berth in eq cell in PCCM\xe2\x80\xa6 https://t.co/FqPfE7SAbj'
2019-12-12 06:20:26,b'@EasternRailway @nkumar0987 @IRCTCofficial @RailMinIndia @PMOIndia @narendramodi @RS PLEASE ADHERE THE ONLINE AVAIL\xe2\x80\xa6 https://t.co/ZJ2vhFaTRa'
2019-12-12 06:20:25,b'@its_devmandal @IRCTCofficial @eCateringIRCTC Kindly look in the issue @irctcnorthzone'
2019-12-12 06:19:44,"b'@IRCTCofficial @PiyushGoyal @PiyushGoyalOffc @RailwaySeva @RailMinIndia \n\nNeed of the hour,add some lines in instru\xe2\x80\xa6 https://t.co/1XAPFV5qn1'"
2019-12-12 06:16:37,b'Dear @RailMinIndia @IRCTCofficial by mistakenly I have booked tatal ticket in rajdhani express ticket attached for\xe2\x80\xa6 https://t.co/uqIXgrk0u0'
2019-12-12 06:16:11,"b'@yogendrasaxena6 @BanSingleUse @airindiain @moefcc @IRCTCofficial has taken the first step with wooden cutlery, tho\xe2\x80\xa6 https://t.co/crZt7xMwqo'"
2019-12-12 06:13:34,"b'@IRCTCofficial @PiyushGoyal @PiyushGoyalOffc @RailwaySeva @RailMinIndia \n\nNeed of the hour,add some important lines\xe2\x80\xa6 https://t.co/eKBpHBqmjj'"
2019-12-12 06:11:06,b'@DrmChennai @PiyushGoyalOffc @PiyushGoyal @IRCTCofficial @RailwaySeva its being since 4 to 5 days still there is no\xe2\x80\xa6 https://t.co/zpaUFhqW66'
2019-12-12 06:10:47,"b'@PiyushGoyal Sir , could you please ask team to check the issue, as might be system got hacked during the tatkal pe\xe2\x80\xa6 https://t.co/tAozgpQZKy'"
